[{"buFaNr":"1010","name":"Saarlouis","ort":"Saarlouis","tel":"06831 4490","email":""},{"buFaNr":"1020","name":"Merzig","ort":"Merzig","tel":"06861 7030","email":""},{"buFaNr":"1030","name":"Neunkirchen","ort":"Neunkirchen","tel":"06821 1090","email":""},{"buFaNr":"1040","name":"Saarbrücken I","ort":"Saarbrücken - Eschberg","tel":"0681 30000","email":""},{"buFaNr":"1055","name":"Saarbrücken II","ort":"Saarbrücken - Eschberg","tel":"0681 30000","email":""},{"buFaNr":"1060","name":"St. Wendel","ort":"St. Wendel","tel":"06851 8040","email":""},{"buFaNr":"1075","name":"Homburg","ort":"Homburg","tel":"06841 6970","email":""},{"buFaNr":"1085","name":"Homburg - Außenst. St. Ingbert","ort":"St. Ingbert","tel":"06894 98401","email":""},{"buFaNr":"1113","name":"Charlottenburg","ort":"Berlin","tel":"030 9024-13 0","email":""},{"buFaNr":"1114","name":"Friedrichshain-Kreuzberg","ort":"Berlin","tel":"030 9024-14 0","email":""},{"buFaNr":"1116","name":"Neukölln","ort":"Berlin","tel":"030 9024-16 0","email":""},{"buFaNr":"1117","name":"Reinickendorf","ort":"Berlin","tel":"030 9024-17 0","email":""},{"buFaNr":"1118","name":"Schöneberg","ort":"Berlin","tel":"030 9024-18 0","email":""},{"buFaNr":"1119","name":"Spandau","ort":"Berlin","tel":"030 9024-19 0","email":""},{"buFaNr":"1120","name":"Steglitz","ort":"Berlin","tel":"030 9024-20 0","email":""},{"buFaNr":"1121","name":"Tempelhof","ort":"Berlin","tel":"030 9024-21 0","email":""},{"buFaNr":"1123","name":"Wedding","ort":"Berlin","tel":"030 9024-23 0","email":""},{"buFaNr":"1124","name":"Wilmersdorf","ort":"Berlin","tel":"030 9024-24 0","email":""},{"buFaNr":"1125","name":"Zehlendorf","ort":"Berlin","tel":"030 9024-25 0","email":""},{"buFaNr":"1127","name":"für Körperschaften I","ort":"Berlin","tel":"030 9024-27 0","email":""},{"buFaNr":"1129","name":"für Körperschaften III","ort":"Berlin","tel":"030 9024-31 0","email":""},{"buFaNr":"1130","name":"für Körperschaften IV","ort":"Berlin","tel":"030 9024-30 0","email":""},{"buFaNr":"1131","name":"Prenzlauer Berg","ort":"Berlin","tel":"030 9024-28 0","email":""},{"buFaNr":"1132","name":"Lichtenberg","ort":"Berlin","tel":"030 9024-34 0","email":""},{"buFaNr":"1133","name":"Marzahn-Hellersdorf","ort":"Berlin","tel":"030 9024-26 0","email":""},{"buFaNr":"1134","name":"Mitte/Tiergarten","ort":"Berlin","tel":"030 9024-22 0","email":""},{"buFaNr":"1135","name":"Pankow/Weißensee","ort":"Berlin","tel":"030 9024-33 0","email":""},{"buFaNr":"1136","name":"Treptow-Köpenick","ort":"Berlin","tel":"030 9024-12 0","email":""},{"buFaNr":"1137","name":"für Körperschaften II","ort":"Berlin","tel":"030 9024-29 0","email":""},{"buFaNr":"1138","name":"für Fahndung und Strafsachen Berlin","ort":"Berlin","tel":"030 9024-32500","email":"poststelle@fa38.berlin.de"},{"buFaNr":"1191","name":"Technisches Finanzamt Berlin","ort":"Berlin","tel":"030 9024-35 0","email":"poststelle@tfa.berlin.de"},{"buFaNr":"2111","name":"Bad Segeberg","ort":"Bad Segeberg","tel":"04551 54-0","email":"poststelle@fa-bad-segeberg.landsh.de"},{"buFaNr":"2113","name":"Elmshorn","ort":"Elmshorn","tel":"04121 481-0","email":"poststelle@fa-elmshorn.landsh.de"},{"buFaNr":"2115","name":"Flensburg","ort":"Flensburg","tel":"0461 813-0","email":"poststelle@fa-flensburg.landsh.de"},{"buFaNr":"2116","name":"Dithmarschen","ort":"Heide","tel":"0481 42155-0","email":"poststelle@fa-dithmarschen.landsh.de"},{"buFaNr":"2117","name":"Nordfriesland","ort":"Husum","tel":"04841 8949-0","email":"poststelle@fa-nordfriesland.landsh.de"},{"buFaNr":"2118","name":"Itzehoe","ort":"Itzehoe","tel":"04821 66-0","email":"poststelle@fa-itzehoe.landsh.de"},{"buFaNr":"2120","name":"Kiel","ort":"Kiel","tel":"0431 602-0","email":"poststelle1@fa-kiel.landsh.de"},{"buFaNr":"2122","name":"Lübeck","ort":"Lübeck","tel":"0451 132-0","email":"poststelle@fa-luebeck.landsh.de"},{"buFaNr":"2124","name":"Neumünster","ort":"Neumünster","tel":"04321 496-0","email":"poststelle@fa-neumuenster.landsh.de"},{"buFaNr":"2125","name":"Ostholstein","ort":"Oldenburg","tel":"04361 497-0","email":"poststelle@fa-ostholstein.landsh.de"},{"buFaNr":"2126","name":"Plön","ort":"Plön","tel":"04522 506-0","email":"poststelle@fa-ploen.landsh.de"},{"buFaNr":"2127","name":"Ratzeburg","ort":"Ratzeburg","tel":"04541 882-0","email":"poststelle@fa-ratzeburg.landsh.de"},{"buFaNr":"2128","name":"Rendsburg","ort":"Rendsburg","tel":"04331 598-0","email":"poststelle@fa-rendsburg.landsh.de"},{"buFaNr":"2129","name":"Eckernförde-Schleswig","ort":"Schleswig","tel":"04621 805-0","email":"poststelle@fa-eck-sl.landsh.de"},{"buFaNr":"2130","name":"Stormarn","ort":"Bad Oldesloe","tel":"04531 507-0","email":"poststelle@fa-stormarn.landsh.de"},{"buFaNr":"2131","name":"Pinneberg","ort":"Pinneberg","tel":"04101 5472-0","email":"poststelle@fa-pinneberg.landsh.de"},{"buFaNr":"2137","name":"Zentrale Prüfungsdienste","ort":"Kiel","tel":"0431 55062-0","email":"poststelle@fa-zpd.landsh.de"},{"buFaNr":"2201","name":"Hamburg für Steuererhebung in Hamburg","ort":"Hamburg","tel":"040 115","email":"FAfuerSteuererhebung@finanzamt.hamburg.de"},{"buFaNr":"2210","name":"Hamburg für Verkehrst. und Grundbesitz","ort":"Hamburg","tel":"040 115","email":"FAVuG@finanzamt.hamburg.de"},{"buFaNr":"2216","name":"Hamburg für Verkehrst. und Grundbesitz","ort":"Hamburg","tel":"040 115","email":"FAVuG@finanzamt.hamburg.de"},{"buFaNr":"2217","name":"Hamburg-Nord","ort":"Hamburg","tel":"040 115","email":"FAHamburgNord@finanzamt.hamburg.de"},{"buFaNr":"2220","name":"Hamburg für Verkehrst. und Grundbesitz","ort":"Hamburg","tel":"040 115","email":"FAVuG@finanzamt.hamburg.de"},{"buFaNr":"2227","name":"Hamburg für Großunternehmen in Hamburg","ort":"Hamburg","tel":"040 115","email":"FAfuerGrossunternehmen@finanzamt.hamburg.de"},{"buFaNr":"2228","name":"Hamburg für Prüfungsd. und Strafsachen","ort":"Hamburg","tel":"040/428 11-5000","email":"PoststelleFAPrueStra@finanzamt.hamburg.de"},{"buFaNr":"2230","name":"Hamburg für Verkehrst. und Grundbesitz","ort":"Hamburg","tel":"040 115","email":"FAVuG@finanzamt.hamburg.de"},{"buFaNr":"2235","name":"Hamburg für Verkehrst. und Grundbesitz","ort":"Hamburg","tel":"040 115","email":"FAVuG@finanzamt.hamburg.de"},{"buFaNr":"2241","name":"Hamburg-Altona","ort":"Hamburg","tel":"040 115","email":"FAHamburgAltona@finanzamt.hamburg.de"},{"buFaNr":"2242","name":"Hamburg-Am Tierpark","ort":"Hamburg","tel":"040 115","email":"FAHamburgAmTierpark@finanzamt.hamburg.de"},{"buFaNr":"2243","name":"Hamburg-Barmbek-Uhlenhorst","ort":"Hamburg","tel":"040 115","email":"FAHamburgBarmbekUhlenhorst@finanzamt.hamburg.de"},{"buFaNr":"2244","name":"Hamburg-Ost","ort":"Hamburg","tel":"040 115","email":"FAHamburgOst@finanzamt.hamburg.de"},{"buFaNr":"2245","name":"Hamburg-Eimsbüttel","ort":"Hamburg","tel":"040 115","email":"FAHamburgEimsbuettel@finanzamt.hamburg.de"},{"buFaNr":"2246","name":"Hamburg-Hansa","ort":"Hamburg","tel":"040 115","email":"FAHamburgHansa@finanzamt.hamburg.de"},{"buFaNr":"2247","name":"Hamburg-Harburg","ort":"Hamburg","tel":"040 115","email":"FAHamburgHarburg@finanzamt.hamburg.de"},{"buFaNr":"2248","name":"Hamburg-Mitte","ort":"Hamburg","tel":"040 115","email":"FAHamburgMitte@finanzamt.hamburg.de"},{"buFaNr":"2249","name":"Hamburg-Nord","ort":"Hamburg","tel":"040 115","email":"FAHamburgNord@finanzamt.hamburg.de"},{"buFaNr":"2250","name":"Hamburg-Oberalster","ort":"Hamburg","tel":"040 115","email":"FAHamburgOberalster@finanzamt.hamburg.de"},{"buFaNr":"2251","name":"Hamburg-Ost","ort":"Hamburg","tel":"040 115","email":"FAHamburgOst@finanzamt.hamburg.de"},{"buFaNr":"2313","name":"Braunschweig-Helmstedt","ort":"Braunschweig","tel":"0531 705-0","email":"Poststelle@fa-bs-he.niedersachsen.de"},{"buFaNr":"2314","name":"Braunschweig-Wilhelmstr.","ort":"Braunschweig","tel":"0531 489-0","email":"Poststelle@fa-bs-w.niedersachsen.de"},{"buFaNr":"2315","name":"Buchholz in der Nordheide","ort":"Buchholz","tel":"04181 203-0","email":"Poststelle@fa-buc.niedersachsen.de"},{"buFaNr":"2316","name":"Burgdorf","ort":"Burgdorf","tel":"05136 806-0","email":"Poststelle@fa-bu.niedersachsen.de"},{"buFaNr":"2317","name":"Celle","ort":"Celle","tel":"05141 915-0","email":"Poststelle@fa-ce.niedersachsen.de"},{"buFaNr":"2318","name":"Cuxhaven","ort":"Cuxhaven","tel":"04721 563-0","email":"Poststelle@fa-cux.niedersachsen.de"},{"buFaNr":"2319","name":"Gifhorn","ort":"Gifhorn","tel":"05371 800-0","email":"Poststelle@fa-gf.niedersachsen.de"},{"buFaNr":"2320","name":"Göttingen","ort":"Göttingen","tel":"0551 407-0","email":"Poststelle@fa-goe.niedersachsen.de"},{"buFaNr":"2321","name":"Goslar-Bad Gandersheim","ort":"Goslar","tel":"05321 559-0","email":"Poststelle@fa-gs-gan.niedersachsen.de"},{"buFaNr":"2322","name":"Hameln-Holzminden","ort":"Hameln","tel":"05151 204-0","email":"Poststelle@fa-hm-hol.niedersachsen.de"},{"buFaNr":"2323","name":"Hannover-Land I","ort":"Hannover","tel":"0511 419-1","email":"Poststelle@fa-h-l1.niedersachsen.de"},{"buFaNr":"2324","name":"Hannover-Mitte","ort":"Hannover","tel":"0511 1675-0","email":"Poststelle@fa-h-mi.niedersachsen.de"},{"buFaNr":"2325","name":"Hannover-Nord","ort":"Hannover","tel":"0511 6790-0","email":"Poststelle@fa-h-no.niedersachsen.de"},{"buFaNr":"2326","name":"Hannover-Süd","ort":"Hannover","tel":"0511 419-1","email":"Poststelle@fa-h-su.niedersachsen.de"},{"buFaNr":"2327","name":"Hannover-Land II","ort":"Hannover","tel":"0511 6790-0","email":"Poststelle@fa-h-l2.niedersachsen.de"},{"buFaNr":"2328","name":"Helmstedt","ort":"Braunschweig","tel":"0531 705-0","email":"Poststelle@fa-bs-he.niedersachsen.de"},{"buFaNr":"2330","name":"Hildesheim-Alfeld","ort":"Hildesheim","tel":"05121 302-0","email":"Poststelle@fa-hi-alf.niedersachsen.de"},{"buFaNr":"2331","name":"Holzminden","ort":"Hameln","tel":"05151 204-0","email":"Poststelle@fa-hm-hol.niedersachsen.de"},{"buFaNr":"2333","name":"Lüneburg","ort":"Lüneburg","tel":"04131 305-0","email":"Poststelle@fa-lg.niedersachsen.de"},{"buFaNr":"2334","name":"Nienburg/Weser","ort":"Nienburg","tel":"05021 801-1","email":"Poststelle@fa-ni.niedersachsen.de"},{"buFaNr":"2335","name":"Northeim-Herzberg am Harz","ort":"Northeim","tel":"05551 704-0","email":"Poststelle@fa-nom-hz.niedersachsen.de"},{"buFaNr":"2336","name":"Osterholz-Scharmbeck","ort":"Osterholz-Scharmbeck","tel":"04791 302-0","email":"Poststelle@fa-ohz.niedersachsen.de"},{"buFaNr":"2338","name":"Peine","ort":"Peine","tel":"05171 407-0","email":"Poststelle@fa-pe.niedersachsen.de"},{"buFaNr":"2340","name":"Rotenburg (Wümme)","ort":"Rotenburg","tel":"04261 74-0","email":"Poststelle@fa-row.niedersachsen.de"},{"buFaNr":"2341","name":"Soltau","ort":"Soltau","tel":"05191 807-0","email":"Poststelle@fa-sol.niedersachsen.de"},{"buFaNr":"2343","name":"Stade","ort":"Stade","tel":"04141 536-0","email":"Poststelle@fa-std.niedersachsen.de"},{"buFaNr":"2344","name":"Stadthagen","ort":"Stadthagen","tel":"05721 705-0","email":"Poststelle@fa-shg.niedersachsen.de"},{"buFaNr":"2345","name":"Sulingen","ort":"Sulingen","tel":"04271 87-0","email":"Poststelle@fa-su.niedersachsen.de"},{"buFaNr":"2346","name":"Syke","ort":"Syke","tel":"04242 162-0","email":"Poststelle@fa-sy.niedersachsen.de"},{"buFaNr":"2347","name":"Uelzen-Lüchow","ort":"Uelzen","tel":"0581 803-0","email":"Poststelle@fa-ue-luw.niedersachsen.de"},{"buFaNr":"2348","name":"Verden (Aller)","ort":"Verden","tel":"04231 919-0","email":"Poststelle@fa-ver.niedersachsen.de"},{"buFaNr":"2349","name":"Wesermünde","ort":"Bremerhaven","tel":"0471 183-0","email":"Poststelle@fa-wem.niedersachsen.de"},{"buFaNr":"2350","name":"Winsen (Luhe)","ort":"Winsen","tel":"04171 656-0","email":"Poststelle@fa-wl.niedersachsen.de"},{"buFaNr":"2351","name":"Wolfenbüttel","ort":"Wolfenbüttel","tel":"05331 803-0","email":"Poststelle@fa-wf.niedersachsen.de"},{"buFaNr":"2352","name":"Zeven","ort":"Zeven","tel":"04281 753-0","email":"Poststelle@fa-zev.niedersachsen.de"},{"buFaNr":"2353","name":"Papenburg","ort":"Aschendorf","tel":"04962 503-0","email":"Poststelle@fa-pap.niedersachsen.de"},{"buFaNr":"2354","name":"Aurich-Wittmund","ort":"Aurich","tel":"04941 175-0","email":"Poststelle@fa-aur-wtm.niedersachsen.de"},{"buFaNr":"2355","name":"Bad Bentheim","ort":"Bad Bentheim","tel":"05922 970-0","email":"Poststelle@fa-ben.niedersachsen.de"},{"buFaNr":"2356","name":"Cloppenburg","ort":"Cloppenburg","tel":"04471 887-0","email":"Poststelle@fa-clp.niedersachsen.de"},{"buFaNr":"2357","name":"Delmenhorst","ort":"Delmenhorst","tel":"04221 153-0","email":"Poststelle@fa-del.niedersachsen.de"},{"buFaNr":"2358","name":"Emden-Norden","ort":"Emden","tel":"04921 934-0","email":"Poststelle@fa-emd-nor.niedersachsen.de"},{"buFaNr":"2360","name":"Leer (Ostfriesland)","ort":"Leer","tel":"0491 9870-0","email":"Poststelle@fa-ler.niedersachsen.de"},{"buFaNr":"2361","name":"Lingen (Ems)","ort":"Lingen","tel":"0591 9149-0","email":"Poststelle@fa-lin.niedersachsen.de"},{"buFaNr":"2363","name":"Nordenham","ort":"Nordenham","tel":"04731 870-0","email":"Poststelle@fa-nhm.niedersachsen.de"},{"buFaNr":"2364","name":"Oldenburg (Oldenburg)","ort":"Oldenburg","tel":"0441 238-0","email":"Poststelle@fa-ol.niedersachsen.de"},{"buFaNr":"2365","name":"Osnabrück-Land","ort":"Osnabrück","tel":"0541 5842-0","email":"Poststelle@fa-os-l.niedersachsen.de"},{"buFaNr":"2366","name":"Osnabrück-Stadt","ort":"Osnabrück","tel":"0541 354-0","email":"Poststelle@fa-os-s.niedersachsen.de"},{"buFaNr":"2367","name":"Quakenbrück","ort":"Quakenbrück","tel":"05431 184-0","email":"Poststelle@fa-qua.niedersachsen.de"},{"buFaNr":"2368","name":"Vechta","ort":"Vechta","tel":"04441 18-0","email":"Poststelle@fa-vec.niedersachsen.de"},{"buFaNr":"2369","name":"Westerstede","ort":"Westerstede","tel":"04488 515-0","email":"Poststelle@fa-wst.niedersachsen.de"},{"buFaNr":"2370","name":"Wilhelmshaven","ort":"Wilhelmshaven","tel":"04421 183-0","email":"Poststelle@fa-whv.niedersachsen.de"},{"buFaNr":"2380","name":"Braunschweig für Großbetriebsprüfung","ort":"Braunschweig","tel":"0531 8097-0","email":"Poststelle@fa-gbp-bs.niedersachsen.de"},{"buFaNr":"2381","name":"Göttingen für Großbetriebsprüfung","ort":"Göttingen","tel":"0551 407-0","email":"Poststelle@fa-gbp-goe.niedersachsen.de"},{"buFaNr":"2382","name":"Hannover für Großbetriebsprüfung","ort":"Hannover","tel":"0511 8563-0","email":"Poststelle@fa-gbp-h.niedersachsen.de"},{"buFaNr":"2384","name":"Stade für Großbetriebsprüfung","ort":"Stade","tel":"04141 602-0","email":"Poststelle@fa-gbp-std.niedersachsen.de"},{"buFaNr":"2385","name":"Oldenburg für Großbetriebsprüfung","ort":"Oldenburg","tel":"0441 92512-0","email":"Poststelle@fa-gbp-ol.niedersachsen.de"},{"buFaNr":"2386","name":"Osnabrück für Großbetriebsprüfung","ort":"Osnabrück","tel":"0541 503-800","email":"Poststelle@fa-gbp-os.niedersachsen.de"},{"buFaNr":"2390","name":"für Fahndung und Strafsachen Braunschweig","ort":"Braunschweig","tel":"0531 2851-0","email":"Poststelle@fa-fust-bs.niedersachsen.de"},{"buFaNr":"2391","name":"Hannover für Fahndung und Strafsachen","ort":"Hannover","tel":"0511 419-1","email":"Poststelle@fa-fust-h.niedersachsen.de"},{"buFaNr":"2392","name":"Lüneburg für Fahndung und Strafsachen","ort":"Lüneburg","tel":"04131 8308-600","email":"Poststelle@fa-fust-lg.niedersachsen.de"},{"buFaNr":"2393","name":"Oldenburg für Fahndung und Strafsachen","ort":"Oldenburg","tel":"0441 9401-0","email":"Poststelle@fa-fust-ol.niedersachsen.de"},{"buFaNr":"2457","name":"Bremerhaven Bewertung Bremen","ort":"","tel":"0421 361-90909","email":"office@FinanzamtBremerhaven.bremen.de"},{"buFaNr":"2460","name":"Bremen","ort":"Bremen","tel":"0421 361-90909","email":"office@fa-hb.bremen.de"},{"buFaNr":"2471","name":"Landeshauptkasse Bremen","ort":"Bremen","tel":"0421 361-90909","email":"office@lhk.bremen.de"},{"buFaNr":"2475","name":"Bremerhaven","ort":"Bremerhaven","tel":"0471 596-99000","email":"office@fa-bhv.bremen.de"},{"buFaNr":"2477","name":"Bremerhaven Bewertung","ort":"Bremerhaven","tel":"0471 596-99000","email":"office@FinanzamtBremerhaven.bremen.de"},{"buFaNr":"2478","name":"Bremen für Außenprüfung","ort":"Bremen","tel":"0421 361-90909","email":"office@fa-ap.bremen.de"},{"buFaNr":"2601","name":"Alsfeld-Lauterbach Verwaltungsstelle Alsfeld","ort":"Alsfeld","tel":"06631 790-0","email":""},{"buFaNr":"2602","name":"Hersfeld-Rotenburg Verwaltungsstelle Bad Hersfeld","ort":"Bad Hersfeld","tel":"06621 933-0","email":"Poststelle@FA-HR.Hessen.de"},{"buFaNr":"2603","name":"Bad Homburg vor der Höhe","ort":"Bad Homburg v. d. Höhe","tel":"06172 107-0","email":"Poststelle@FA-BHG.Hessen.de"},{"buFaNr":"2604","name":"Rheingau-Taunus Verwaltungsstelle Bad Schwalbach","ort":"Bad Schwalbach","tel":"06124 705-0","email":"Poststelle@FA-RT.Hessen.de"},{"buFaNr":"2605","name":"Bensheim","ort":"Bensheim","tel":"06251 15-0","email":"Poststelle@FA-BEN.Hessen.de"},{"buFaNr":"2606","name":"Marburg-Biedenkopf Verwaltungsstelle Biedenkopf","ort":"Biedenkopf","tel":"06421 698-0","email":"Poststelle@FA-MB.Hessen.de"},{"buFaNr":"2607","name":"Darmstadt","ort":"Darmstadt","tel":"06151 102-0","email":"Poststelle@FA-DAM.Hessen.de"},{"buFaNr":"2608","name":"Dieburg","ort":"Dieburg","tel":"06071 2006-0","email":"Poststelle@FA-DIB.Hessen.de"},{"buFaNr":"2609","name":"Dillenburg","ort":"Dillenburg","tel":"02771 908-0","email":"Poststelle@FA-DIL.Hessen.de"},{"buFaNr":"2610","name":"Eschwege-Witzenhausen Verwaltungsstelle Eschwege","ort":"Eschwege","tel":"05651 3320-0","email":"Poststelle@FA-EW.Hessen.de"},{"buFaNr":"2611","name":"Korbach-Frankenberg Verwaltungsstelle Frankenberg","ort":"Frankenberg","tel":"05631 563-0","email":"Poststelle@FA-KF.Hessen.de"},{"buFaNr":"2612","name":"Frankfurt am Main","ort":"Frankfurt am Main","tel":"069 2545-0","email":""},{"buFaNr":"2613","name":"Frankfurt am Main","ort":"Frankfurt am Main","tel":"069 2545-0","email":""},{"buFaNr":"2614","name":"Frankfurt am Main","ort":"Frankfurt am Main","tel":"069 2545-0","email":""},{"buFaNr":"2615","name":"Frankfurt am Main","ort":"Frankfurt am Main","tel":"069 2545-0","email":""},{"buFaNr":"2616","name":"Friedberg (Hessen)","ort":"Friedberg","tel":"06031 49-0","email":"Poststelle@FA-FBG.Hessen.de"},{"buFaNr":"2617","name":"Bensheim Außenstelle Fürth","ort":"Fürth","tel":"06253 206-0","email":"Poststelle@FA-BEN.Hessen.de"},{"buFaNr":"2618","name":"Fulda","ort":"Fulda","tel":"0661 9610-0","email":"Poststelle@FA-FDA.Hessen.de"},{"buFaNr":"2619","name":"Gelnhausen","ort":"Gelnhausen","tel":"06051 86-0","email":"Poststelle@FA-GEL.Hessen.de"},{"buFaNr":"2620","name":"Gießen","ort":"Gießen","tel":"0641 4800-100","email":"Poststelle@FA-GIS.Hessen.de"},{"buFaNr":"2621","name":"Groß-Gerau","ort":"Groß-Gerau","tel":"06152 9924-01","email":"Poststelle@FA-GGE.Hessen.de"},{"buFaNr":"2622","name":"Hanau","ort":"Hanau","tel":"06181 101-0","email":"Poststelle@FA-HAN.Hessen.de"},{"buFaNr":"2623","name":"Kassel","ort":"Hofgeismar","tel":"0561 7208-0","email":"poststelle@fa-ks.hessen.de"},{"buFaNr":"2624","name":"Schwalm-Eder Verwaltungsstelle Fritzlar","ort":"Fritzlar","tel":"05622 805-0","email":"Poststelle@FA-SE.Hessen.de"},{"buFaNr":"2625","name":"Kassel","ort":"Kassel","tel":"0561 7208-0","email":"poststelle@fa-ks.hessen.de"},{"buFaNr":"2626","name":"Kassel","ort":"Kassel","tel":"0561 7208-0","email":"poststelle@fa-ks.hessen.de"},{"buFaNr":"2627","name":"Korbach-Frankenberg Verwaltungsstelle Korbach","ort":"Korbach","tel":"05631 563-0","email":"Poststelle@FA-KF.Hessen.de"},{"buFaNr":"2628","name":"Langen","ort":"Langen","tel":"06103 591-01","email":"Poststelle@FA-LAN.Hessen.de"},{"buFaNr":"2629","name":"Alsfeld-Lauterbach Verwaltungsstelle Lauterbach","ort":"Lauterbach","tel":"06631 790-0","email":"Poststelle@FA-AL.Hessen.de"},{"buFaNr":"2630","name":"Limburg-Weilburg Verwaltungsstelle Limburg","ort":"Limburg","tel":"06431 208-0","email":"Poststelle@FA-LW.Hessen.de"},{"buFaNr":"2631","name":"Marburg-Biedenkopf Verwaltungsstelle Marburg","ort":"Marburg","tel":"06421 698-0","email":"Poststelle@FA-MB.Hessen.de"},{"buFaNr":"2632","name":"Schwalm-Eder Verwaltungsstelle Melsungen","ort":"Melsungen","tel":"05622 805-0","email":"Poststelle@FA-SE.Hessen.de"},{"buFaNr":"2633","name":"Michelstadt","ort":"Michelstadt","tel":"06061 78-0","email":"Poststelle@FA-MIC.Hessen.de"},{"buFaNr":"2634","name":"Nidda","ort":"Nidda","tel":"06043 805-0","email":"Poststelle@FA-NID.Hessen.de"},{"buFaNr":"2635","name":"Offenbach am Main","ort":"Offenbach","tel":"069 8091-1","email":""},{"buFaNr":"2636","name":"Hersfeld-Rotenburg Verwaltungsstelle Rotenburg","ort":"Rotenburg","tel":"06621 933-0","email":"Poststelle@FA-HR.Hessen.de"},{"buFaNr":"2637","name":"Rheingau-Taunus Verwaltungsstelle Rüdesheim","ort":"Rüdesheim","tel":"06124 705-0","email":"Poststelle@FA-RT.Hessen.de"},{"buFaNr":"2638","name":"Limburg-Weilburg Verwaltungsstelle Weilburg","ort":"Weilburg","tel":"06431 208-0","email":"Poststelle@FA-LW.Hessen.de"},{"buFaNr":"2639","name":"Wetzlar","ort":"Wetzlar","tel":"06441 202-0","email":"Poststelle@FA-WEZ.Hessen.de"},{"buFaNr":"2640","name":"Wiesbaden","ort":"Wiesbaden","tel":"0611 813-0","email":"poststelle@fa-wi.hessen.de"},{"buFaNr":"2641","name":"Eschwege-Witzenhausen Verwaltungsstelle Witzenhausen","ort":"Witzenhausen","tel":"05651 3320-0","email":"Poststelle@FA-EW.Hessen.de"},{"buFaNr":"2642","name":"Schwalm-Eder Verwaltungsstelle Schwalmstadt","ort":"Schwalmstadt","tel":"05622 805-0","email":"Poststelle@FA-SE.Hessen.de"},{"buFaNr":"2643","name":"Wiesbaden","ort":"Wiesbaden","tel":"0611 813-0","email":"poststelle@fa-wi.hessen.de"},{"buFaNr":"2644","name":"Offenbach am Main","ort":"Offenbach","tel":"069 8091-1","email":""},{"buFaNr":"2645","name":"Frankfurt am Main","ort":"Frankfurt am Main","tel":"069 2545-0","email":""},{"buFaNr":"2646","name":"Hofheim am Taunus","ort":"Hofheim","tel":"06192 960-0","email":"Poststelle@FA-HOH.Hessen.de"},{"buFaNr":"2647","name":"Frankfurt am Main","ort":"Frankfurt am Main","tel":"069 2545-0","email":""},{"buFaNr":"2701","name":"Bad Neuenahr-Ahrweiler","ort":"Bad Neuenahr-Ahrweiler","tel":"02641/3820","email":"Poststelle@fa-aw.fin-rlp.de"},{"buFaNr":"2702","name":"Altenkirchen-Hachenburg","ort":"Altenkirchen","tel":"02681/860","email":"Poststelle@fa-ak.fin-rlp.de"},{"buFaNr":"2706","name":"Bad Kreuznach","ort":"Bad Kreuznach","tel":"0671/7000","email":"Poststelle@fa-kh.fin-rlp.de"},{"buFaNr":"2708","name":"Bingen-Alzey","ort":"Bingen","tel":"06721/7060","email":"Poststelle@fa-bi.fin-rlp.de"},{"buFaNr":"2709","name":"Idar-Oberstein","ort":"Idar-Oberstein","tel":"06781/680","email":"Poststelle@fa-io.fin-rlp.de"},{"buFaNr":"2710","name":"Bitburg-Prüm","ort":"Bitburg","tel":"06561/6030","email":"Poststelle@fa-bt.fin-rlp.de"},{"buFaNr":"2713","name":"Idar-Oberstein - Landesfinanzkasse","ort":"Idar-Oberstein","tel":"06592/9579-71000","email":"Poststelle@fa-io.fin-rlp.de"},{"buFaNr":"2719","name":"Kaiserslautern","ort":"Kaiserslautern","tel":"0631/36760","email":"Poststelle@fa-kl.fin-rlp.de"},{"buFaNr":"2722","name":"Koblenz","ort":"Koblenz","tel":"0261/49310","email":"Poststelle@fa-ko.fin-rlp.de"},{"buFaNr":"2723","name":"Kusel-Landstuhl","ort":"Kusel","tel":"06381/99670","email":"Poststelle@fa-ku.fin-rlp.de"},{"buFaNr":"2724","name":"Landau","ort":"Landau","tel":"06341/9130","email":"Poststelle@fa-ld.fin-rlp.de"},{"buFaNr":"2726","name":"Mainz","ort":"Mainz","tel":"06131 552-0","email":"poststelle@fa-mz.fin-rlp.de"},{"buFaNr":"2727","name":"Ludwigshafen","ort":"Ludwigshafen","tel":"0621/56140","email":"Poststelle@fa-lu.fin-rlp.de"},{"buFaNr":"2729","name":"Mayen","ort":"Mayen","tel":"02651/70260","email":"Poststelle@fa-my.fin-rlp.de"},{"buFaNr":"2730","name":"Montabaur-Diez","ort":"Montabaur","tel":"02602/1210","email":"Poststelle@fa-mt.fin-rlp.de"},{"buFaNr":"2731","name":"Neustadt","ort":"Neustadt","tel":"06321/9300","email":"Poststelle@fa-nw.fin-rlp.de"},{"buFaNr":"2732","name":"Neuwied","ort":"Neuwied","tel":"02631/9100","email":"Poststelle@fa-nr.fin-rlp.de"},{"buFaNr":"2734","name":"Kusel-Landstuhl für Erb/Schenk.St. Saarland","ort":"Kusel","tel":"06381/99670","email":"Poststelle@fa-ku.fin-rlp.de"},{"buFaNr":"2735","name":"Pirmasens","ort":"Pirmasens","tel":"06331/7110","email":"Poststelle@fa-ps.fin-rlp.de"},{"buFaNr":"2740","name":"Simmern-Zell","ort":"Zell","tel":"06761/8550","email":"Poststelle@fa-si.fin-rlp.de"},{"buFaNr":"2741","name":"Speyer-Germersheim","ort":"Speyer","tel":"06232/60170","email":"Poststelle@fa-sp.fin-rlp.de"},{"buFaNr":"2742","name":"Trier","ort":"Trier","tel":"0651/93600","email":"Poststelle@fa-tr.fin-rlp.de"},{"buFaNr":"2743","name":"Wittlich","ort":"Wittlich","tel":"06571/95360","email":"Poststelle@fa-wi.fin-rlp.de"},{"buFaNr":"2744","name":"Worms-Kirchheimbolanden","ort":"Worms","tel":"06241/30460","email":"Poststelle@fa-wo.fin-rlp.de"},{"buFaNr":"2801","name":"Offenburg -01- (vormals ASt Achern)","ort":"Offenburg","tel":"0781 12026-0","email":""},{"buFaNr":"2804","name":"Villingen-Schwenningen Außenstelle Donaueschingen","ort":"Donaueschingen","tel":"07721 923-0","email":""},{"buFaNr":"2805","name":"Emmendingen","ort":"Emmendingen","tel":"07641 450-0","email":""},{"buFaNr":"2806","name":"Freiburg-Stadt","ort":"Freiburg","tel":"0761 204-0","email":""},{"buFaNr":"2807","name":"Freiburg-Land","ort":"Freiburg","tel":"0761 204-0","email":""},{"buFaNr":"2808","name":"Offenburg Außenstelle Kehl","ort":"Kehl","tel":"0781 12026-0","email":""},{"buFaNr":"2809","name":"Konstanz","ort":"Konstanz","tel":"07531 289-0","email":""},{"buFaNr":"2810","name":"Lahr","ort":"Lahr","tel":"07821 283-0","email":""},{"buFaNr":"2811","name":"Lörrach","ort":"Lörrach","tel":"07621 1678-0","email":""},{"buFaNr":"2812","name":"Müllheim","ort":"Müllheim","tel":"07631 189-0","email":""},{"buFaNr":"2813","name":"Freiburg-Land Außenstelle Titisee-Neustadt","ort":"Titisee-Neustadt","tel":"07651 203-0","email":""},{"buFaNr":"2814","name":"Offenburg -14-","ort":"Offenburg","tel":"0781 12026-0","email":""},{"buFaNr":"2815","name":"Rottweil Außenstelle Oberndorf","ort":"Rottweil","tel":"07423 815-0","email":""},{"buFaNr":"2816","name":"Waldshut-Tiengen Außenstelle Bad Säckingen","ort":"Bad Säckingen","tel":"07761 566-0","email":""},{"buFaNr":"2818","name":"Singen","ort":"Singen","tel":"07731 823-0","email":""},{"buFaNr":"2819","name":"Rottweil","ort":"Rottweil","tel":"0741 243-0","email":""},{"buFaNr":"2820","name":"Waldshut-Tiengen","ort":"Waldshut-Tiengen","tel":"07741 603-0","email":""},{"buFaNr":"2821","name":"Tuttlingen","ort":"Tuttlingen","tel":"07461 98-0","email":""},{"buFaNr":"2822","name":"Villingen-Schwenningen","ort":"Villingen-Schwenningen","tel":"07721 923-0","email":""},{"buFaNr":"2823","name":"Offenburg Außenstelle Wolfach","ort":"Wolfach","tel":"0781 12026-0","email":""},{"buFaNr":"2830","name":"Bruchsal","ort":"Bruchsal","tel":"07251/740","email":""},{"buFaNr":"2831","name":"Ettlingen","ort":"Ettlingen","tel":"07243/5080","email":""},{"buFaNr":"2832","name":"Heidelberg","ort":"Heidelberg","tel":"06221 7365-0","email":""},{"buFaNr":"2833","name":"Baden-Baden","ort":"Baden-Baden","tel":"07221/359-0","email":""},{"buFaNr":"2834","name":"Karlsruhe-Durlach","ort":"Karlsruhe","tel":"0721/9940","email":""},{"buFaNr":"2835","name":"Karlsruhe-Stadt","ort":"Karlsruhe","tel":"0721 156-0","email":""},{"buFaNr":"2836","name":"Baden-Baden Außenstelle Bühl","ort":"Bühl","tel":"07221 359-0","email":""},{"buFaNr":"2837","name":"Mannheim-Neckarstadt","ort":"Mannheim","tel":"0621 292-0","email":""},{"buFaNr":"2838","name":"Mannheim-Stadt","ort":"Mannheim","tel":"0621 292-0","email":""},{"buFaNr":"2839","name":"Rastatt","ort":"Rastatt","tel":"07222/9780","email":""},{"buFaNr":"2840","name":"Mosbach","ort":"Mosbach","tel":"06261 807-0","email":""},{"buFaNr":"2841","name":"Pforzheim","ort":"Pforzheim","tel":"07231 183-0","email":""},{"buFaNr":"2842","name":"Freudenstadt","ort":"Freudenstadt","tel":"07441/560","email":""},{"buFaNr":"2843","name":"Schwetzingen","ort":"Schwetzingen","tel":"06202 81-0","email":""},{"buFaNr":"2844","name":"Sinsheim","ort":"Sinsheim","tel":"07261 696-0","email":""},{"buFaNr":"2845","name":"Calw","ort":"Calw","tel":"07051/5870","email":""},{"buFaNr":"2846","name":"Mosbach Außenstelle Walldürn","ort":"Walldürn","tel":"06282 705-0","email":""},{"buFaNr":"2847","name":"Weinheim","ort":"Weinheim","tel":"06201 605-0","email":""},{"buFaNr":"2848","name":"Mühlacker","ort":"Mühlacker","tel":"07041/8930","email":""},{"buFaNr":"2849","name":"Pforzheim Außenstelle Neuenbürg","ort":"Neuenbürg","tel":"07231 183-0","email":""},{"buFaNr":"2850","name":"Aalen","ort":"Aalen","tel":"(07361) 9578-0","email":""},{"buFaNr":"2851","name":"Backnang","ort":"Backnang","tel":"07191 12-0","email":""},{"buFaNr":"2852","name":"Tauberbischofsheim Außenstelle Bad Mergentheim","ort":"Bad Mergentheim","tel":"09341 804-0","email":""},{"buFaNr":"2853","name":"Balingen","ort":"Balingen","tel":"07433/970","email":""},{"buFaNr":"2854","name":"Biberach","ort":"Biberach","tel":"07351/590","email":""},{"buFaNr":"2855","name":"Bietigheim-Bissingen","ort":"Bietigheim-Bissingen","tel":"07142/5900","email":""},{"buFaNr":"2856","name":"Böblingen","ort":"Böblingen","tel":"07031 13-01","email":""},{"buFaNr":"2857","name":"Schwäbisch Hall Außenstelle Crailsheim","ort":"Schwäbisch Hall","tel":"07951 401-0","email":""},{"buFaNr":"2858","name":"Ehingen","ort":"Ehingen","tel":"07391/5080","email":""},{"buFaNr":"2859","name":"Esslingen","ort":"Esslingen","tel":"0711 397-2929","email":""},{"buFaNr":"2861","name":"Friedrichshafen","ort":"Friedrichshafen","tel":"07541/7060","email":""},{"buFaNr":"2862","name":"Göppingen Außenstelle Geislingen","ort":"Göppingen","tel":"07161/9703-0","email":""},{"buFaNr":"2863","name":"Göppingen","ort":"Göppingen","tel":"07161/9703-0","email":""},{"buFaNr":"2864","name":"Heidenheim","ort":"Heidenheim","tel":"07321/380","email":""},{"buFaNr":"2865","name":"Heilbronn","ort":"Heilbronn","tel":"07131 7475-0","email":""},{"buFaNr":"2869","name":"Nürtingen Außenstelle Kirchheim","ort":"Nürtingen","tel":"07021 575-0","email":""},{"buFaNr":"2870","name":"Leonberg","ort":"Leonberg","tel":"07152 15-1","email":""},{"buFaNr":"2871","name":"Ludwigsburg","ort":"Ludwigsburg","tel":"07141/180","email":""},{"buFaNr":"2874","name":"Nürtingen","ort":"Nürtingen","tel":"07022/7090","email":""},{"buFaNr":"2876","name":"Öhringen","ort":"Öhringen","tel":"07941 604-0","email":""},{"buFaNr":"2877","name":"Ravensburg","ort":"Weingarten","tel":"0751 403-0","email":""},{"buFaNr":"2878","name":"Reutlingen","ort":"Reutlingen","tel":"07121 940-0","email":""},{"buFaNr":"2879","name":"Biberach Außenstelle Riedlingen","ort":"Biberach","tel":"07351 59-0","email":""},{"buFaNr":"2880","name":"Tauberbischofsheim","ort":"Tauberbischofsheim","tel":"09341 804-0","email":""},{"buFaNr":"2881","name":"Sigmaringen Außenstelle Bad Saulgau","ort":"Sigmaringen","tel":"07581 504-0","email":""},{"buFaNr":"2882","name":"Schorndorf","ort":"Schorndorf","tel":"07181/6010","email":""},{"buFaNr":"2883","name":"Schwäbisch Gmünd","ort":"Schwäbisch Gmünd","tel":"07171 602-0","email":""},{"buFaNr":"2884","name":"Schwäbisch Hall","ort":"Schwäbisch Hall","tel":"0791 752-0","email":""},{"buFaNr":"2885","name":"Sigmaringen","ort":"Sigmaringen","tel":"07571 101-0","email":""},{"buFaNr":"2886","name":"Tübingen","ort":"Tübingen","tel":"07071/7570","email":""},{"buFaNr":"2887","name":"Überlingen (Bodensee)","ort":"Überlingen","tel":"07551 836-0","email":""},{"buFaNr":"2888","name":"Ulm","ort":"Ulm","tel":"0731/1030","email":""},{"buFaNr":"2889","name":"Bad Urach","ort":"Bad Urach","tel":"07125 158-0","email":""},{"buFaNr":"2890","name":"Waiblingen","ort":"Waiblingen","tel":"07151/9550","email":""},{"buFaNr":"2891","name":"Wangen","ort":"Wangen","tel":"07522 71-0","email":""},{"buFaNr":"2892","name":"Stuttgart IV","ort":"Stuttgart","tel":"0711/66730","email":""},{"buFaNr":"2893","name":"Stuttgart I","ort":"Stuttgart","tel":"0711 6673-0","email":""},{"buFaNr":"2895","name":"Stuttgart II","ort":"Stuttgart","tel":"0711/66730","email":""},{"buFaNr":"2896","name":"Stuttgart Zentrales Konzernprüfungsamt","ort":"Stuttgart","tel":"0711 6673-0","email":""},{"buFaNr":"2897","name":"Stuttgart III","ort":"Stuttgart","tel":"0711/66730","email":""},{"buFaNr":"2899","name":"Stuttgart-Körpersch.","ort":"Stuttgart","tel":"0711/66730","email":""},{"buFaNr":"3046","name":"Potsdam","ort":"Potsdam","tel":"0331 287-0","email":""},{"buFaNr":"3048","name":"Brandenburg","ort":"Brandenburg an der Havel","tel":"03381 397-100","email":""},{"buFaNr":"3049","name":"Königs Wusterhausen","ort":"Königs Wusterhausen","tel":"03375 275-0","email":""},{"buFaNr":"3050","name":"Luckenwalde","ort":"Luckenwalde","tel":"03371 606-0","email":""},{"buFaNr":"3051","name":"Nauen","ort":"Nauen","tel":"03321 412-0","email":""},{"buFaNr":"3052","name":"Kyritz","ort":"Kyritz","tel":"033971 65-0","email":""},{"buFaNr":"3053","name":"Oranienburg","ort":"Oranienburg","tel":"03301 857-0","email":""},{"buFaNr":"3056","name":"Cottbus","ort":"Cottbus","tel":"0355 4991-4100","email":""},{"buFaNr":"3057","name":"Calau","ort":"Calau","tel":"03541 83-0","email":""},{"buFaNr":"3061","name":"Frankfurt (Oder)","ort":"Frankfurt (Oder)","tel":"0335 60676-1399","email":""},{"buFaNr":"3062","name":"Angermünde","ort":"Angermünde","tel":"03331 267-0","email":""},{"buFaNr":"3064","name":"Strausberg","ort":"Strausberg","tel":"03341 342-0","email":""},{"buFaNr":"3065","name":"Eberswalde","ort":"Eberswalde","tel":"03334 275-4000","email":""},{"buFaNr":"3102","name":"Magdeburg","ort":"Magdeburg","tel":"0391 885-12","email":""},{"buFaNr":"3103","name":"Genthin","ort":"Genthin","tel":"03933 908-0","email":""},{"buFaNr":"3105","name":"Haldensleben","ort":"Haldensleben","tel":"03904 482-0","email":""},{"buFaNr":"3106","name":"Salzwedel","ort":"Salzwedel","tel":"03901 857-0","email":""},{"buFaNr":"3107","name":"Staßfurt","ort":"Staßfurt","tel":"03925 980-0","email":""},{"buFaNr":"3108","name":"Stendal","ort":"Stendal","tel":"03931 4953-0","email":""},{"buFaNr":"3110","name":"Halle (Saale)","ort":"Halle (Saale)","tel":"0345 6924-0","email":""},{"buFaNr":"3112","name":"Merseburg","ort":"Merseburg","tel":"03461 8224-0","email":""},{"buFaNr":"3114","name":"Dessau-Roßlau","ort":"Dessau-Roßlau","tel":"0340 2548-0","email":""},{"buFaNr":"3115","name":"Wittenberg","ort":"Wittenberg","tel":"03491 430-0","email":""},{"buFaNr":"3116","name":"Bitterfeld-Wolfen","ort":"Bitterfeld-Wolfen","tel":"03493 345-0","email":""},{"buFaNr":"3117","name":"Quedlinburg","ort":"Quedlinburg","tel":"03946 529-0","email":""},{"buFaNr":"3118","name":"Eisleben","ort":"Eisleben","tel":"03475 725-0","email":""},{"buFaNr":"3119","name":"Naumburg","ort":"Naumburg","tel":"03445 238-0","email":""},{"buFaNr":"3202","name":"Dresden-Nord","ort":"Dresden","tel":"0351 4691-0","email":"poststelle@fa-dresden-nord.smf.sachsen.de"},{"buFaNr":"3203","name":"Dresden-Süd","ort":"Dresden","tel":"0351 4691-0","email":"poststelle@fa-dresden-sued.smf.sachsen.de"},{"buFaNr":"3204","name":"Bautzen","ort":"Bautzen","tel":"03591 488-0","email":"poststelle@fa-bautzen.smf.sachsen.de"},{"buFaNr":"3207","name":"Görlitz","ort":"Görlitz","tel":"03581 875-0","email":"poststelle@fa-goerlitz.smf.sachsen.de"},{"buFaNr":"3208","name":"Löbau","ort":"Löbau","tel":"03585 455-0","email":"poststelle@fa-loebau.smf.sachsen.de"},{"buFaNr":"3209","name":"Meißen","ort":"Meißen","tel":"03521 718-0","email":"poststelle@fa-meissen.smf.sachsen.de"},{"buFaNr":"3210","name":"Pirna","ort":"Pirna","tel":"03501 551-0","email":"poststelle@fa-pirna.smf.sachsen.de"},{"buFaNr":"3213","name":"Hoyerswerda","ort":"Hoyerswerda","tel":"03571 460-0","email":"poststelle@fa-hoyerswerda.smf.sachsen.de"},{"buFaNr":"3214","name":"Chemnitz-Süd","ort":"Chemnitz","tel":"0371 279-0","email":"poststelle@fa-chemnitz-sued.smf.sachsen.de"},{"buFaNr":"3215","name":"Chemnitz-Mitte","ort":"Chemnitz","tel":"0371 467-0","email":"poststelle@fa-chemnitz-mitte.smf.sachsen.de"},{"buFaNr":"3217","name":"Annaberg","ort":"Annaberg-B.","tel":"03733 4270","email":"poststelle@fa-annaberg.smf.sachsen.de"},{"buFaNr":"3218","name":"Schwarzenberg","ort":"Schwarzenberg","tel":"03774 161-0","email":"poststelle@fa-schwarzenberg.smf.sachsen.de"},{"buFaNr":"3220","name":"Freiberg","ort":"Freiberg","tel":"03731 379-0","email":"poststelle@fa-freiberg.smf.sachsen.de"},{"buFaNr":"3222","name":"Mittweida","ort":"Mittweida","tel":"03727 987-0","email":"poststelle@fa-mittweida.smf.sachsen.de"},{"buFaNr":"3223","name":"Plauen","ort":"Plauen","tel":"03741 7189-0","email":"poststelle@fa-plauen.smf.sachsen.de"},{"buFaNr":"3224","name":"Stollberg","ort":"Stollberg","tel":"037296 522-0","email":"poststelle@fa-stollberg.smf.sachsen.de"},{"buFaNr":"3227","name":"Zwickau","ort":"Zwickau","tel":"0375 28368-0","email":"poststelle@fa-zwickau.smf.sachsen.de"},{"buFaNr":"3228","name":"Zschopau","ort":"Zschopau","tel":"03725 293-0","email":"poststelle@fa-zschopau.smf.sachsen.de"},{"buFaNr":"3231","name":"Leipzig II","ort":"Leipzig","tel":"0341 559-0","email":"poststelle@fa-leipzig2.smf.sachsen.de"},{"buFaNr":"3232","name":"Leipzig I","ort":"Leipzig","tel":"0341 559-0","email":"poststelle@fa-leipzig1.smf.sachsen.de"},{"buFaNr":"3236","name":"Döbeln","ort":"Döbeln","tel":"03431 653-30","email":"poststelle@fa-doebeln.smf.sachsen.de"},{"buFaNr":"3237","name":"Eilenburg","ort":"Eilenburg","tel":"03423 660-0","email":"poststelle@fa-eilenburg.smf.sachsen.de"},{"buFaNr":"3238","name":"Grimma","ort":"Grimma","tel":"03437 940-0","email":"poststelle@fa-grimma.smf.sachsen.de"},{"buFaNr":"3239","name":"Oschatz","ort":"Oschatz","tel":"03435 978-0","email":"poststelle@fa-oschatz.smf.sachsen.de"},{"buFaNr":"4069","name":"Neubrandenburg - RAB","ort":"Neubrandenburg","tel":"0385 588-47000","email":""},{"buFaNr":"4070","name":"Neubrandenburg - RIA (Rentenempfänger im Ausland)","ort":"Neubrandenburg","tel":"0385 588-47000","email":"ria@finanzamt-neubrandenburg.de"},{"buFaNr":"4072","name":"Neubrandenburg","ort":"Neubrandenburg","tel":"0385 588-46000","email":"poststelle@finanzamt-neubrandenburg.de"},{"buFaNr":"4075","name":"Waren","ort":"Waren (Müritz)","tel":"0385 588-40000","email":"poststelle@finanzamt-waren.de"},{"buFaNr":"4079","name":"Rostock","ort":"Rostock","tel":"0385 588-44000","email":"poststelle@finanzamt-rostock.de"},{"buFaNr":"4080","name":"Wismar","ort":"Wismar","tel":"0385 588-50000","email":"poststelle@finanzamt-wismar.de"},{"buFaNr":"4081","name":"Ribnitz-Damgarten","ort":"Ribnitz-Damgarten","tel":"0385 588-45000","email":"poststelle@finanzamt-ribnitz-damgarten.de"},{"buFaNr":"4082","name":"Stralsund","ort":"Stralsund","tel":"0385 588-48000","email":"poststelle@finanzamt-stralsund.de"},{"buFaNr":"4084","name":"Greifswald","ort":"Greifswald","tel":"0385 588-43000","email":"poststelle@finanzamt-greifswald.de"},{"buFaNr":"4086","name":"Güstrow","ort":"Güstrow","tel":"0385 588-53000","email":"poststelle@finanzamt-guestrow.de"},{"buFaNr":"4087","name":"Hagenow","ort":"Hagenow","tel":"0385 588-51000","email":"poststelle@finanzamt-hagenow.de"},{"buFaNr":"4090","name":"Schwerin","ort":"Schwerin","tel":"0385 588-42000","email":"poststelle@finanzamt-schwerin.de"},{"buFaNr":"4151","name":"Erfurt","ort":"Erfurt","tel":"0361 573615-900","email":""},{"buFaNr":"4154","name":"Ilmenau","ort":"Ilmenau","tel":"0361 573638-900","email":""},{"buFaNr":"4155","name":"Eisenach","ort":"Eisenach","tel":"0361 573617-900","email":""},{"buFaNr":"4156","name":"Gotha","ort":"Gotha","tel":"0361 573637-900","email":""},{"buFaNr":"4157","name":"Mühlhausen","ort":"Mühlhausen","tel":"0361 573613-900","email":""},{"buFaNr":"4159","name":"Sondershausen","ort":"Sondershausen","tel":"0361 573639-900","email":""},{"buFaNr":"4161","name":"Gera","ort":"Gera","tel":"0361 573625-900","email":""},{"buFaNr":"4162","name":"Jena","ort":"Jena","tel":"0361 573626-900","email":""},{"buFaNr":"4165","name":"Pößneck","ort":"Pößneck","tel":"0361 573624-900","email":""},{"buFaNr":"4166","name":"Altenburg","ort":"Altenburg","tel":"0361 573623-900","email":""},{"buFaNr":"4170","name":"Südthüringen","ort":"Suhl","tel":"0361 573619-900","email":""},{"buFaNr":"4171","name":"Südthüringen","ort":"Suhl","tel":"0361 573619-900","email":""},{"buFaNr":"5101","name":"Dinslaken","ort":"Dinslaken","tel":"02064 445-0","email":""},{"buFaNr":"5102","name":"Viersen","ort":"Viersen","tel":"02162 955-0","email":""},{"buFaNr":"5103","name":"Düsseldorf-Altstadt","ort":"Düsseldorf","tel":"0211 4974-0","email":""},{"buFaNr":"5105","name":"Düsseldorf-Nord","ort":"Düsseldorf","tel":"0211 4496-0","email":""},{"buFaNr":"5106","name":"Düsseldorf-Süd","ort":"Düsseldorf","tel":"0211 7798-0","email":""},{"buFaNr":"5107","name":"Duisburg-Hamborn","ort":"Duisburg","tel":"0203 5445-0","email":""},{"buFaNr":"5109","name":"Duisburg-Süd","ort":"Duisburg","tel":"0203 3001-0","email":""},{"buFaNr":"5111","name":"Essen-NordOst","ort":"Essen","tel":"0201 1894-0","email":""},{"buFaNr":"5112","name":"Essen-Süd","ort":"Essen","tel":"0201 1894-0","email":""},{"buFaNr":"5113","name":"Geldern","ort":"Geldern","tel":"02831 127-0","email":""},{"buFaNr":"5114","name":"Grevenbroich","ort":"Grevenbroich","tel":"02181 607-0","email":""},{"buFaNr":"5115","name":"Kempen","ort":"Kempen","tel":"02152 919-0","email":""},{"buFaNr":"5116","name":"Kleve","ort":"Kleve","tel":"02821 803-1020","email":""},{"buFaNr":"5117","name":"Krefeld","ort":"Krefeld","tel":"02151 854-0","email":""},{"buFaNr":"5119","name":"Kamp-Lintfort","ort":"Kamp-Lintfort","tel":"02842 121-0","email":""},{"buFaNr":"5120","name":"Mülheim an der Ruhr","ort":"Mülheim","tel":"0208 3001-0","email":""},{"buFaNr":"5121","name":"Mönchengladbach","ort":"Mönchengladbach","tel":"02161 189-0","email":""},{"buFaNr":"5122","name":"Neuss","ort":"Neuss","tel":"02131 6656-0","email":""},{"buFaNr":"5123","name":"Oberhausen-Nord","ort":"Oberhausen","tel":"0208 6499-0","email":""},{"buFaNr":"5124","name":"Oberhausen-Süd","ort":"Oberhausen","tel":"0208 8504-0","email":""},{"buFaNr":"5126","name":"Remscheid","ort":"Remscheid","tel":"02191 961-0","email":""},{"buFaNr":"5128","name":"Solingen","ort":"Solingen","tel":"0212 282-0","email":""},{"buFaNr":"5130","name":"Wesel","ort":"Wesel","tel":"0281 105-0","email":""},{"buFaNr":"5131","name":"Wuppertal-Barmen","ort":"Wuppertal","tel":"0202 9543-0","email":""},{"buFaNr":"5132","name":"Wuppertal-Elberfeld","ort":"Wuppertal","tel":"0202 489-0","email":""},{"buFaNr":"5133","name":"Düsseldorf-Mitte","ort":"Düsseldorf","tel":"0211 7798-0","email":""},{"buFaNr":"5134","name":"Duisburg-West","ort":"Duisburg","tel":"02065 307-0","email":""},{"buFaNr":"5135","name":"Hilden","ort":"Hilden","tel":"02103 917-0","email":""},{"buFaNr":"5139","name":"Velbert","ort":"Velbert","tel":"02051 47-0","email":""},{"buFaNr":"5147","name":"Düsseldorf-Mettmann","ort":"Düsseldorf","tel":"0211 3804-0","email":""},{"buFaNr":"5170","name":"Düsseldorf I für Groß- und Konzernbetriebsprüfung","ort":"Düsseldorf","tel":"0211 56354-0","email":""},{"buFaNr":"5171","name":"Düsseldorf II für Groß- und Konzernbetriebsprüfung","ort":"Düsseldorf","tel":"0211 56354-0","email":""},{"buFaNr":"5172","name":"Essen für Groß- und Konzernbetriebsprüfung","ort":"Essen","tel":"0201 6300-4","email":""},{"buFaNr":"5173","name":"Krefeld für Groß- und Konzernbetriebsprüfung","ort":"Krefeld","tel":"02151 3650-0","email":""},{"buFaNr":"5174","name":"Bergisches Land für Groß- und Konzernbetriebsprüfung","ort":"Solingen","tel":"0212 3801-0","email":""},{"buFaNr":"5176","name":"Mönchengladbach für Groß- und Konzernbetriebsprüfung","ort":"Mönchengladbach","tel":"02161 189-0","email":""},{"buFaNr":"5201","name":"Aachen-Stadt","ort":"Aachen","tel":"0241 469-0","email":""},{"buFaNr":"5202","name":"Aachen-Kreis","ort":"Aachen","tel":"0241 469-0","email":""},{"buFaNr":"5203","name":"Bergheim","ort":"Bergheim","tel":"02271 82-0","email":""},{"buFaNr":"5204","name":"Bergisch Gladbach","ort":"Bergisch Gladbach","tel":"02202 9342-0","email":""},{"buFaNr":"5205","name":"Bonn-Innenstadt","ort":"Bonn","tel":"0228 718-0","email":""},{"buFaNr":"5206","name":"Bonn-Außenstadt","ort":"Bonn","tel":"0228 7268-0","email":""},{"buFaNr":"5207","name":"Düren","ort":"Düren","tel":"02421 947-0","email":""},{"buFaNr":"5208","name":"Erkelenz","ort":"Erkelenz","tel":"02431 801-0","email":""},{"buFaNr":"5209","name":"Euskirchen","ort":"Euskirchen","tel":"02251 982-0","email":""},{"buFaNr":"5210","name":"Geilenkirchen","ort":"Geilenkirchen","tel":"02451 623-0","email":""},{"buFaNr":"5211","name":"Schleiden","ort":"Schleiden","tel":"02444 85-0","email":""},{"buFaNr":"5212","name":"Gummersbach","ort":"Gummersbach","tel":"02261 86-0","email":""},{"buFaNr":"5213","name":"Jülich","ort":"Jülich","tel":"02461 685-0","email":""},{"buFaNr":"5214","name":"Köln-Altstadt","ort":"Köln","tel":"0221 2026-0","email":""},{"buFaNr":"5215","name":"Köln-Mitte","ort":"Köln","tel":"0221 92400-0","email":""},{"buFaNr":"5216","name":"Köln-Porz","ort":"Köln","tel":"02203 598-0","email":""},{"buFaNr":"5217","name":"Köln-Nord","ort":"Köln","tel":"0221 97344-0","email":""},{"buFaNr":"5218","name":"Köln-Ost","ort":"Köln","tel":"0221 9805-0","email":""},{"buFaNr":"5219","name":"Köln-Süd","ort":"Köln","tel":"0221 2026-0","email":""},{"buFaNr":"5220","name":"Siegburg","ort":"Siegburg","tel":"02241 105-0","email":""},{"buFaNr":"5221","name":"Wipperfürth","ort":"Wipperfürth","tel":"02267 870-0","email":""},{"buFaNr":"5222","name":"Sankt Augustin","ort":"Sankt Augustin","tel":"02241 242-0","email":""},{"buFaNr":"5223","name":"Köln-West","ort":"Köln","tel":"0221 5734-0","email":""},{"buFaNr":"5224","name":"Brühl","ort":"Brühl","tel":"02232 703-0","email":""},{"buFaNr":"5230","name":"Leverkusen","ort":"Leverkusen","tel":"0214 89280-0","email":""},{"buFaNr":"5270","name":"Köln für Groß- und Konzernbetriebsprüfung","ort":"Köln","tel":"0221 5772-1777","email":""},{"buFaNr":"5271","name":"Aachen für Groß- und Konzernbetriebsprüfung","ort":"Aachen","tel":"0241 469-1780","email":""},{"buFaNr":"5272","name":"Bonn für Groß- und Konzernbetriebsprüfung","ort":"Bonn","tel":"0228 718-3000","email":""},{"buFaNr":"5301","name":"Ahaus","ort":"Ahaus","tel":"02561 929-0","email":""},{"buFaNr":"5302","name":"Altena","ort":"Altena","tel":"02352 917-0","email":""},{"buFaNr":"5303","name":"Arnsberg","ort":"Arnsberg","tel":"02931 875-0","email":""},{"buFaNr":"5304","name":"Beckum","ort":"Beckum","tel":"02521 25-0","email":""},{"buFaNr":"5305","name":"Bielefeld-Innenstadt","ort":"Bielefeld","tel":"0521 548-0","email":""},{"buFaNr":"5306","name":"Bochum-Mitte","ort":"Bochum","tel":"0234 514-0","email":""},{"buFaNr":"5307","name":"Borken","ort":"Borken","tel":"02861 938-0","email":""},{"buFaNr":"5308","name":"Bottrop","ort":"Bottrop","tel":"02041 691-0","email":""},{"buFaNr":"5309","name":"Brilon","ort":"Brilon","tel":"02961 788-0","email":""},{"buFaNr":"5310","name":"Bünde","ort":"Bünde","tel":"05223 169-0","email":""},{"buFaNr":"5311","name":"Steinfurt","ort":"Steinfurt","tel":"02551 17-0","email":""},{"buFaNr":"5312","name":"Coesfeld","ort":"Coesfeld","tel":"02541 732-0","email":""},{"buFaNr":"5313","name":"Detmold","ort":"Detmold","tel":"05231 972-0","email":""},{"buFaNr":"5314","name":"Dortmund-West","ort":"Dortmund","tel":"0231 9581-0","email":""},{"buFaNr":"5315","name":"Dortmund-Hörde","ort":"Dortmund","tel":"0231 4103-0","email":""},{"buFaNr":"5316","name":"Dortmund-Unna","ort":"Dortmund","tel":"0231 5188-0","email":""},{"buFaNr":"5317","name":"Dortmund-Ost","ort":"Dortmund","tel":"0231 5188-0","email":""},{"buFaNr":"5319","name":"Gelsenkirchen","ort":"Gelsenkirchen","tel":"0209 173-0","email":""},{"buFaNr":"5321","name":"Hagen","ort":"Hagen","tel":"02331 180-0","email":""},{"buFaNr":"5322","name":"Hamm","ort":"Hamm","tel":"02381 918-0","email":""},{"buFaNr":"5323","name":"Hattingen","ort":"Hattingen","tel":"02324 208-0","email":""},{"buFaNr":"5324","name":"Herford","ort":"Herford","tel":"05221 188-0","email":""},{"buFaNr":"5325","name":"Herne","ort":"Herne","tel":"02323 598-0","email":""},{"buFaNr":"5326","name":"Höxter","ort":"Höxter","tel":"05271 969-0","email":""},{"buFaNr":"5327","name":"Ibbenbüren","ort":"Ibbenbüren","tel":"05451 920-0","email":""},{"buFaNr":"5328","name":"Iserlohn","ort":"Iserlohn","tel":"02371 969-0","email":""},{"buFaNr":"5329","name":"Lemgo","ort":"Lemgo","tel":"05261 253-0","email":""},{"buFaNr":"5330","name":"Lippstadt","ort":"Lippstadt","tel":"02941 982-0","email":""},{"buFaNr":"5331","name":"Lübbecke","ort":"Lübbecke","tel":"05741 334-0","email":""},{"buFaNr":"5332","name":"Lüdenscheid","ort":"Lüdenscheid","tel":"02351 155-0","email":""},{"buFaNr":"5333","name":"Lüdinghausen","ort":"Lüdinghausen","tel":"02591 930-0","email":""},{"buFaNr":"5334","name":"Meschede","ort":"Meschede","tel":"0291 950-0","email":""},{"buFaNr":"5335","name":"Minden","ort":"Minden","tel":"0571 804-0","email":""},{"buFaNr":"5336","name":"Münster-Außenstadt","ort":"Münster","tel":"0251 9729-0","email":""},{"buFaNr":"5337","name":"Münster-Innenstadt","ort":"Münster","tel":"0251 416-0","email":""},{"buFaNr":"5338","name":"Olpe","ort":"Olpe","tel":"02761 963-0","email":""},{"buFaNr":"5339","name":"Paderborn","ort":"Paderborn","tel":"05251 100-0","email":""},{"buFaNr":"5340","name":"Recklinghausen","ort":"Recklinghausen","tel":"02361 583-0","email":""},{"buFaNr":"5341","name":"Schwelm","ort":"Schwelm","tel":"02336 803-0","email":""},{"buFaNr":"5342","name":"Siegen","ort":"Siegen","tel":"0271 4890-0","email":""},{"buFaNr":"5343","name":"Soest","ort":"Soest","tel":"02921 351-0","email":""},{"buFaNr":"5345","name":"Warburg","ort":"Warburg","tel":"05641 771-0","email":""},{"buFaNr":"5346","name":"Warendorf","ort":"Warendorf","tel":"02581 924-0","email":""},{"buFaNr":"5347","name":"Wiedenbrück","ort":"Rheda-Wiedenbrück","tel":"05242 934-0","email":""},{"buFaNr":"5348","name":"Witten","ort":"Witten","tel":"02302 921-0","email":""},{"buFaNr":"5349","name":"Bielefeld-Außenstadt","ort":"Bielefeld","tel":"0521 548-0","email":""},{"buFaNr":"5350","name":"Bochum-Süd","ort":"Bochum","tel":"0234 3337-0","email":""},{"buFaNr":"5351","name":"Gütersloh","ort":"Gütersloh","tel":"05241 3071-0","email":""},{"buFaNr":"5359","name":"Marl","ort":"Marl","tel":"02365 516-0","email":""},{"buFaNr":"5371","name":"Bielefeld für Groß- und Konzernbetriebsprüfung","ort":"Bielefeld","tel":"0521 548-0","email":""},{"buFaNr":"5372","name":"Herne für Groß- und Konzernbetriebsprüfung","ort":"Herne","tel":"02325 693-0","email":""},{"buFaNr":"5373","name":"Detmold für Groß- und Konzernbetriebsprüfung","ort":"Detmold","tel":"05231 9744-0","email":""},{"buFaNr":"5374","name":"Dortmund für Groß- und Konzernbetriebsprüfung","ort":"Dortmund","tel":"0231 5188-1750","email":""},{"buFaNr":"5375","name":"Hagen für Groß- und Konzernbetriebsprüfung","ort":"Hagen","tel":"02331 3760-0","email":""},{"buFaNr":"5376","name":"Münster für Groß- und Konzernbetriebsprüfung","ort":"Münster","tel":"0251 934-4000","email":""},{"buFaNr":"9101","name":"Augsburg-Stadt Arbeitnehmerbereich","ort":"Augsburg","tel":"0821 506-01","email":""},{"buFaNr":"9102","name":"Augsburg-Land","ort":"Augsburg","tel":"0821 506-02","email":""},{"buFaNr":"9103","name":"Augsburg-Stadt","ort":"Augsburg","tel":"0821 506-01","email":""},{"buFaNr":"9104","name":"Wolfratshausen - Bad Tölz","ort":"Bad Tölz","tel":"08041 8005-0","email":""},{"buFaNr":"9105","name":"Berchtesgaden-Laufen","ort":"Berchtesgaden","tel":"08652 960-0","email":""},{"buFaNr":"9106","name":"Burghausen","ort":"Burghausen","tel":"08677 8706-0","email":""},{"buFaNr":"9107","name":"Dachau","ort":"Dachau","tel":"08131 701-0","email":""},{"buFaNr":"9108","name":"Deggendorf","ort":"Deggendorf","tel":"0991 384-0","email":""},{"buFaNr":"9109","name":"Dillingen","ort":"Dillingen","tel":"09071 507-0","email":""},{"buFaNr":"9110","name":"Dingolfing","ort":"Dingolfing","tel":"08731 504-0","email":""},{"buFaNr":"9111","name":"Nördlingen mit ASt Donauwörth","ort":"Donauwörth","tel":"09081 215 - 0","email":""},{"buFaNr":"9112","name":"Ebersberg","ort":"Ebersberg","tel":"08092 267-0","email":""},{"buFaNr":"9113","name":"Eggenfelden","ort":"Eggenfelden","tel":"08721 981-0","email":""},{"buFaNr":"9114","name":"Erding","ort":"Erding","tel":"08122 188-0","email":""},{"buFaNr":"9115","name":"Freising","ort":"Freising","tel":"08161 493-0","email":""},{"buFaNr":"9116","name":"Bundeszentralamt für Steuern","ort":"Bonn","tel":"0228 406-0","email":""},{"buFaNr":"9117","name":"Fürstenfeldbruck","ort":"Fürstenfeldbruck","tel":"08141 60-0","email":""},{"buFaNr":"9119","name":"Garmisch-Partenkirchen","ort":"Garmisch-Partenkirchen","tel":"08821 700-0","email":""},{"buFaNr":"9121","name":"Günzburg","ort":"Günzburg","tel":"08221 902-0","email":""},{"buFaNr":"9123","name":"Kempten-Immenstadt","ort":"Immenstadt","tel":"08323 801-0","email":""},{"buFaNr":"9124","name":"Ingolstadt","ort":"Ingolstadt","tel":"0841 311-0","email":""},{"buFaNr":"9125","name":"Kaufbeuren m. ASt Füssen","ort":"Kaufbeuren","tel":"08341 802-0","email":""},{"buFaNr":"9126","name":"Kelheim","ort":"Kelheim","tel":"09441 201-0","email":""},{"buFaNr":"9127","name":"Kempten-Immenstadt","ort":"Kempten","tel":"0831 256 - 0","email":""},{"buFaNr":"9131","name":"Landsberg am Lech","ort":"Landsberg am Lech","tel":"08191 332-0","email":""},{"buFaNr":"9132","name":"Landshut","ort":"Landshut","tel":"0871 8529-000","email":""},{"buFaNr":"9134","name":"Lindau","ort":"Lindau","tel":"08382 916-0","email":""},{"buFaNr":"9138","name":"Memmingen-Mindelheim","ort":"Memmingen","tel":"08331 608-0","email":""},{"buFaNr":"9139","name":"Miesbach","ort":"Miesbach","tel":"08025 709-0","email":""},{"buFaNr":"9140","name":"Memmingen-Mindelheim","ort":"Mindelheim","tel":"08331 608-0","email":""},{"buFaNr":"9141","name":"Mühldorf","ort":"Mühldorf","tel":"08631 616-0","email":""},{"buFaNr":"9142","name":"München Bewertung des Grundbesitzes","ort":"München","tel":"089 1252-0","email":""},{"buFaNr":"9143","name":"München Körperschaften/PersonenGesellschaften","ort":"München","tel":"089 1252-0","email":""},{"buFaNr":"9144","name":"München Gewinneinkünfte","ort":"München","tel":"089 1252-0","email":""},{"buFaNr":"9145","name":"München Gewinneinkünfte","ort":"München","tel":"089 1252-0","email":""},{"buFaNr":"9146","name":"München Gewinneinkünfte","ort":"München","tel":"089 1252-0","email":""},{"buFaNr":"9147","name":"München Gewinneinkünfte","ort":"München","tel":"089 1252-0","email":""},{"buFaNr":"9148","name":"München Gewinneinkünfte","ort":"München","tel":"089 1252-0","email":""},{"buFaNr":"9149","name":"München Erhebung","ort":"München","tel":"089 1252-0","email":""},{"buFaNr":"9151","name":"Neu-Ulm","ort":"Neu-Ulm","tel":"0731 7045-0","email":""},{"buFaNr":"9152","name":"Nördlingen mit ASt Donauwörth","ort":"Nördlingen","tel":"09081 215-0","email":""},{"buFaNr":"9153","name":"Passau mit Außenstellen","ort":"Passau","tel":"0851 504-0","email":""},{"buFaNr":"9154","name":"Pfaffenhofen","ort":"Pfaffenhofen a. d. Ilm","tel":"08441 77-0","email":""},{"buFaNr":"9156","name":"Rosenheim m. ASt Wasserburg","ort":"Rosenheim","tel":"08031 201-0","email":""},{"buFaNr":"9157","name":"Grafenau","ort":"Grafenau","tel":"08552 423-0","email":""},{"buFaNr":"9159","name":"Schrobenhausen m. ASt Neuburg","ort":"Schrobenhausen","tel":"08252 918-0","email":""},{"buFaNr":"9161","name":"Starnberg","ort":"Starnberg","tel":"08151 778-0","email":""},{"buFaNr":"9162","name":"Straubing","ort":"Straubing","tel":"09421 941-0","email":""},{"buFaNr":"9163","name":"Traunstein","ort":"Traunstein","tel":"0861 701-0","email":""},{"buFaNr":"9168","name":"Weilheim-Schongau","ort":"Weilheim","tel":"0881 184-0","email":""},{"buFaNr":"9169","name":"Wolfratshausen - Bad Tölz","ort":"Wolfratshausen","tel":"08171 25-0","email":""},{"buFaNr":"9170","name":"Zwiesel m. ASt Viechtach","ort":"Zwiesel","tel":"09922 507-0","email":""},{"buFaNr":"9171","name":"Eichstätt","ort":"Eichstätt","tel":"08421 6007-0","email":""},{"buFaNr":"9181","name":"München Überschusseinkünfte","ort":"München","tel":"089 1252-0","email":""},{"buFaNr":"9182","name":"München Überschusseinkünfte u. Beschränkt Steuerpfl.","ort":"München","tel":"089 1252-0","email":""},{"buFaNr":"9183","name":"München Überschusseinkünfte","ort":"München","tel":"089 1252-0","email":""},{"buFaNr":"9184","name":"München Überschusseinkünfte","ort":"München","tel":"089 1252-0","email":""},{"buFaNr":"9185","name":"München Überschusseinkünfte","ort":"München","tel":"089 1252-0","email":""},{"buFaNr":"9187","name":"München Körperschaften","ort":"München","tel":"089 1252-0","email":""},{"buFaNr":"9188","name":"München Betriebsprüfung","ort":"München","tel":"089 1252-0","email":""},{"buFaNr":"9189","name":"München Erhebung","ort":"München","tel":"089 1252-0","email":""},{"buFaNr":"9201","name":"Amberg","ort":"Amberg","tel":"09621 36-0","email":""},{"buFaNr":"9202","name":"Obernburg am Main mit Außenstelle Amorbach","ort":"Obernburg am Main","tel":"09373 202-0","email":""},{"buFaNr":"9203","name":"Ansbach mit Außenstellen","ort":"Ansbach","tel":"0981 16-0","email":""},{"buFaNr":"9204","name":"Aschaffenburg","ort":"Aschaffenburg","tel":"06021 492-0","email":""},{"buFaNr":"9205","name":"Bad Kissingen","ort":"Bad Kissingen","tel":"0971 8021-0","email":""},{"buFaNr":"9206","name":"Bad Neustadt a.d.S.","ort":"Bad Neustadt","tel":"09771 9104-0","email":""},{"buFaNr":"9207","name":"Bamberg","ort":"Bamberg","tel":"0951 84-0","email":""},{"buFaNr":"9208","name":"Bayreuth","ort":"Bayreuth","tel":"0921 609-0","email":""},{"buFaNr":"9211","name":"Cham mit Außenstelle Bad Kötzting","ort":"Cham","tel":"09971 488-0","email":""},{"buFaNr":"9212","name":"Coburg","ort":"Coburg","tel":"09561 646-0","email":""},{"buFaNr":"9216","name":"Erlangen","ort":"Erlangen","tel":"09131 121-0","email":""},{"buFaNr":"9217","name":"Forchheim","ort":"Forchheim","tel":"09191 626-0","email":""},{"buFaNr":"9218","name":"Fürth","ort":"Fürth","tel":"0911 7435-0","email":""},{"buFaNr":"9220","name":"Gunzenhausen","ort":"Gunzenhausen","tel":"09831 8009-0","email":""},{"buFaNr":"9221","name":"Hersbruck","ort":"Hersbruck","tel":"09151 731-0","email":""},{"buFaNr":"9222","name":"Hilpoltstein","ort":"Hilpoltstein","tel":"09174 469-0","email":""},{"buFaNr":"9223","name":"Hof mit Außenstellen","ort":"Hof","tel":"09281 929-0","email":""},{"buFaNr":"9227","name":"Kitzingen","ort":"Kitzingen","tel":"09321 703-0","email":""},{"buFaNr":"9228","name":"Kronach","ort":"Kronach","tel":"09261 510-0","email":""},{"buFaNr":"9229","name":"Kulmbach","ort":"Kulmbach","tel":"09221 650-0","email":""},{"buFaNr":"9230","name":"Lichtenfels","ort":"Lichtenfels","tel":"09571 764-0","email":""},{"buFaNr":"9231","name":"Lohr a. Main mit Außenstellen","ort":"Lohr","tel":"09352 850-0","email":""},{"buFaNr":"9232","name":"Lohr a. Main mit Außenstellen - Grunderwerbsteuer","ort":"Lohr","tel":"09352 850-0","email":""},{"buFaNr":"9235","name":"Neumarkt i.d.Opf.","ort":"Neumarkt","tel":"09181 692-0","email":""},{"buFaNr":"9238","name":"Nürnberg-Nord","ort":"Nürnberg","tel":"0911 3998-0","email":""},{"buFaNr":"9240","name":"Nürnberg-Süd","ort":"Nürnberg","tel":"0911 248-0","email":""},{"buFaNr":"9241","name":"Nürnberg-Zentral","ort":"Nürnberg","tel":"0911 5393-0","email":""},{"buFaNr":"9244","name":"Regensburg","ort":"Regensburg","tel":"0941 5024-0","email":""},{"buFaNr":"9247","name":"Schwabach","ort":"Schwabach","tel":"09122 928-0","email":""},{"buFaNr":"9248","name":"Schwandorf mit Außenstelle Neunburg v. W.","ort":"Schwandorf","tel":"09431 382-0","email":""},{"buFaNr":"9249","name":"Schweinfurt","ort":"Schweinfurt","tel":"09721 2911-0","email":""},{"buFaNr":"9252","name":"Uffenheim","ort":"Uffenheim","tel":"09842 200-0","email":""},{"buFaNr":"9254","name":"Waldsassen","ort":"Waldsassen","tel":"09632 847-0","email":""},{"buFaNr":"9255","name":"Weiden i.d.Opf.","ort":"Weiden","tel":"0961 301-0","email":""},{"buFaNr":"9257","name":"Würzburg mit Außenstelle Ochsenfurt","ort":"Würzburg","tel":"0931 387-0","email":""},{"buFaNr":"9258","name":"Wunsiedel mit Außenstelle Selb","ort":"Wunsiedel","tel":"09232 607-0","email":""},{"buFaNr":"9259","name":"Zeil am Main mit Außenstelle Ebern","ort":"Zeil","tel":"09524 824-0","email":""},{"buFaNr":"2171","name":"Bad Segeberg Bewertung für Grundsteuer 71","ort":"Bad Segeberg","tel":"04551 54-0","email":"poststelle@fa-bad-segeberg.landsh.de"},{"buFaNr":"2173","name":"Elmshorn Bewertung für Grundsteuer 73","ort":"Elshorn","tel":"04121 481-0","email":"poststelle@fa-elmshorn.landsh.de"},{"buFaNr":"2175","name":"Flensburg Bewertung für Grundsteuer 75","ort":"Flensburg","tel":"0461 813-0","email":"poststelle@fa-flensburg.landsh.de"},{"buFaNr":"2190","name":"Stormarn Bewertung für Grundsteuer 90","ort":"Bad Oldesloe","tel":"04531 507-0","email":"poststelle@fa-stormarn.landsh.de"},{"buFaNr":"2184","name":"Neumünster Bewertung für Grundsteuer 84","ort":"Neumünster","tel":"04321 496-0","email":"poststelle@fa-neumuenster.landsh.de"},{"buFaNr":"2186","name":"Plön Bewertung für Grundsteuer 86","ort":"Plön","tel":"04522 506-0","email":"poststelle@fa-ploen.landsh.de"},{"buFaNr":"2189","name":"Eckernförde-Schleswig Bewertung für Grundsteuer 89","ort":"Schleswig","tel":"04621 805-0","email":"poststelle@fa-eck-sl.landsh.de"},{"buFaNr":"2191","name":"Pinneberg Bewertung für Grundsteuer 91","ort":"Pinneberg","tel":"04101 5472-0","email":"poststelle@fa-pinneberg.landsh.de"},{"buFaNr":"2187","name":"Ratzeburg Bewertung für Grundsteuer 87","ort":"Ratzeburg","tel":"04541 882-0","email":"poststelle@fa-ratzeburg.landsh.de"},{"buFaNr":"2172","name":"Eckernförde-Schleswig Bewertung für Grundsteuer 72","ort":"Schleswig","tel":"04621 805-0","email":"poststelle@fa-eck-sl.landsh.de"},{"buFaNr":"2183","name":"Dithmarschen Bewertung für Grundsteuer 83","ort":"Heide","tel":"0481 42155-0","email":"poststelle@fa-dithmarschen.landsh.de"},{"buFaNr":"2180","name":"Kiel Bewertung für Grundsteuer 80","ort":"Kiel","tel":"0431 602-0","email":"poststelle1@fa-kiel.landsh.de"},{"buFaNr":"2188","name":"Rendsburg Bewertung für Grundsteuer 88","ort":"Rendsburg","tel":"04331 598-0","email":"poststelle@fa-rendsburg.landsh.de"},{"buFaNr":"2179","name":"Kiel Bewertung für Grundsteuer 79","ort":"Kiel","tel":"0431 602-0","email":"poststelle@fa-kiel.landsh.de"},{"buFaNr":"2182","name":"Lübeck Bewertung für Grundsteuer 82","ort":"Lübeck","tel":"0451 132-0","email":"poststelle@fa-luebeck.landsh.de"},{"buFaNr":"2185","name":"Ostholstein Bewertung für Grundsteuer 85","ort":"Oldenburg","tel":"04361 497-0","email":"poststelle@fa-ostholstein.landsh.de"},{"buFaNr":"2176","name":"Dithmarschen Bewertung für Grundsteuer 76","ort":"Heide","tel":"0481 42155-0","email":"poststelle@fa-dithmarschen.landsh.de"},{"buFaNr":"2177","name":"Nordfriesland Bewertung für Grundsteuer 77","ort":"Husum","tel":"04841 8949-0","email":"poststelle@fa-nordfriesland.landsh.de"},{"buFaNr":"2178","name":"Itzehoe Bewertung für Grundsteuer 78","ort":"Itzehoe","tel":"04821 66-0","email":"poststelle@fa-itzehoe.landsh.de"},{"buFaNr":"2181","name":"Nordfriesland Bewertung für Grundsteuer 81","ort":"Husum","tel":"04841 8949-0","email":"poststelle@fa-nordfriesland.landsh.de"},{"buFaNr":"1115","name":"Berlin International","ort":"Berlin","tel":"030 9024-150","email":""},{"buFaNr":"5380","name":"Landesamt zur Bekämpfung der Finanzkriminalität","ort":"Düsseldorf","tel":"0211 957633-0","email":""}]